[{"model": "sessions.session", "pk": "bexp2b8t040q2xw364iibugn9prluypv", "fields": {"session_data": ".eJxVjEsOAiEQBe_C2hB-Crh07xlI093IqIFkmFkZ766TzEK3r6reSyRYl5rWwXOaSJyFFoffLQM-uG2A7tBuXWJvyzxluSlyp0NeO_Hzsrt_BxVG_dYOUUW2iNaXUAIEFZwpZCA7UkU58NEpMjYa8FprBq_Qos42mNMxOhbvD-nXN5M:1lqZo2:JCBpMS8d0X34pyG2eWVSuNNG5bdZ9KR3MdM9WFlLYpQ", "expire_date": "2021-06-22T11:22:02.779Z"}}, {"model": "accounts.user", "pk": 1, "fields": {"password": "pbkdf2_sha256$260000$8vRcmS8JsWLsEsmhSl6PFD$udKcJ5v+AifF6peBXCbdep+RjlL+EzCtOf3+SogM4kk=", "last_login": "2021-06-08T11:22:02.776Z", "is_superuser": true, "username": "murad", "is_staff": true, "is_active": true, "date_joined": "2021-06-08T11:21:33.048Z", "first_name": "", "last_name": "", "email": "m@m.com", "password2": "", "age": "", "is_teacher": false, "is_student": false, "created_at": "2021-06-08T11:21:33.278Z", "updated_at": "2021-06-08T11:21:33.278Z", "groups": [], "user_permissions": []}}, {"model": "accounts.user", "pk": 2, "fields": {"password": "pbkdf2_sha256$260000$arysWGipLskfhXexHlUPkm$AXpxSU9LAvbStGRa9/TTxaKxywPLt+6D3DYNwWkuf2Q=", "last_login": null, "is_superuser": false, "username": "muradaghazada", "is_staff": false, "is_active": true, "date_joined": "2021-06-08T12:56:17.739Z", "first_name": "Murad", "last_name": "Aghazada", "email": "xomurad41@gmail.com", "password2": "", "age": "", "is_teacher": true, "is_student": false, "created_at": "2021-06-08T12:56:17.740Z", "updated_at": "2021-06-08T12:56:17.978Z", "groups": [], "user_permissions": []}}, {"model": "core.course", "pk": 1, "fields": {"title": "Peanuts", "teacher": ["murad"], "price": "300.00", "image": "images/christopher-gower-m_HRfLhgABo-unsplash.jpg", "description": "desc", "course_deadline": "3", "minimum_age": 1, "is_shared": true, "category": 1, "created_at": "2021-06-08T11:23:14.875Z", "updated_at": "2021-06-08T11:23:14.875Z"}}, {"model": "core.course", "pk": 2, "fields": {"title": "Tirex", "teacher": ["murad"], "price": "2.00", "image": "images/e391e963-678c-4d25-92fe-616f0ebaae78.jpg", "description": "a", "course_deadline": "2", "minimum_age": 3, "is_shared": false, "category": null, "created_at": "2021-06-08T11:30:44.184Z", "updated_at": "2021-06-08T11:30:44.184Z"}}, {"model": "core.course", "pk": 3, "fields": {"title": "Coding", "teacher": ["muradaghazada"], "price": "30.00", "image": "images/038c16a2-16b5-4721-8244-3530cec872df.jpg", "description": "Lorem Ipsum is simply dummy text of the printing and typesetting industry. Lorem Ipsum has been the industry's standard dummy text ever since the 1500s.", "course_deadline": "6", "minimum_age": 12, "is_shared": false, "category": null, "created_at": "2021-06-08T12:57:34.017Z", "updated_at": "2021-06-08T12:57:34.017Z"}}, {"model": "core.course", "pk": 4, "fields": {"title": "a", "teacher": ["muradaghazada"], "price": "1.00", "image": "images/995db1be-3698-4179-96be-1857bbd654bc.jpg", "description": "a", "course_deadline": "1", "minimum_age": 1, "is_shared": false, "category": null, "created_at": "2021-06-08T13:49:30.191Z", "updated_at": "2021-06-08T13:49:30.191Z"}}, {"model": "core.course", "pk": 5, "fields": {"title": "z", "teacher": ["muradaghazada"], "price": "1.00", "image": "images/32a0fa2f-1767-411f-b6e0-20bba1249496.jpg", "description": "z", "course_deadline": "1", "minimum_age": 1, "is_shared": false, "category": null, "created_at": "2021-06-08T13:50:53.994Z", "updated_at": "2021-06-08T13:50:53.994Z"}}, {"model": "core.course", "pk": 6, "fields": {"title": "Murad", "teacher": ["muradaghazada"], "price": "1.00", "image": "images/68fe9c05-52be-40e6-a77b-bf7aced8a2a5.jpg", "description": "s", "course_deadline": "3", "minimum_age": 2, "is_shared": false, "category": null, "created_at": "2021-06-08T13:52:37.715Z", "updated_at": "2021-06-08T13:52:37.715Z"}}, {"model": "core.course", "pk": 7, "fields": {"title": "Murad", "teacher": ["muradaghazada"], "price": "1.00", "image": "images/acc0a43d-bafc-4d44-8ec7-d59035d770d8.jpg", "description": "s", "course_deadline": "3", "minimum_age": 2, "is_shared": false, "category": 3, "created_at": "2021-06-08T13:53:39.521Z", "updated_at": "2021-06-08T16:20:45.861Z"}}, {"model": "core.course", "pk": 8, "fields": {"title": "Murada", "teacher": ["muradaghazada"], "price": "1.00", "image": "images/1cbb89a5-827f-419d-9e2d-c570058ffb88.png", "description": "a", "course_deadline": "1", "minimum_age": 1, "is_shared": false, "category": 1, "created_at": "2021-06-08T13:57:04.948Z", "updated_at": "2021-06-08T16:20:41.164Z"}}, {"model": "core.course", "pk": 9, "fields": {"title": "mmm", "teacher": ["muradaghazada"], "price": "1.00", "image": "images/8c9e352d-2b2c-4f4f-9c11-06b82a830d8b.jpg", "description": "q", "course_deadline": "1", "minimum_age": 1, "is_shared": false, "category": 2, "created_at": "2021-06-08T13:58:11.952Z", "updated_at": "2021-06-08T16:20:35.190Z"}}, {"model": "core.course", "pk": 15, "fields": {"title": "Murad", "teacher": ["muradaghazada"], "price": "1.00", "image": "images/1d5ec8b4-5e68-400c-a6e9-958ee48bda9e.jpg", "description": "qq", "course_deadline": "1", "minimum_age": 1, "is_shared": false, "category": 1, "created_at": "2021-06-08T14:31:29.723Z", "updated_at": "2021-06-08T14:31:29.723Z"}}, {"model": "core.course", "pk": 16, "fields": {"title": "Murad", "teacher": ["muradaghazada"], "price": "300.00", "image": "images/94fbef55-b1f5-41f1-9b80-95411bc7518d.jpg", "description": "z", "course_deadline": "12", "minimum_age": 1234567890, "is_shared": false, "category": 2, "created_at": "2021-06-08T14:53:58.101Z", "updated_at": "2021-06-08T16:09:49.415Z"}}, {"model": "core.course", "pk": 17, "fields": {"title": "sasa", "teacher": ["muradaghazada"], "price": "1.00", "image": "images/ed50a5a1-a90e-4a24-9219-563786c98603.jpg", "description": "qw", "course_deadline": "1", "minimum_age": 1, "is_shared": false, "category": 1, "created_at": "2021-06-10T11:11:58.285Z", "updated_at": "2021-06-10T11:11:58.285Z"}}, {"model": "core.category", "pk": 1, "fields": {"title": "Course"}}, {"model": "core.category", "pk": 2, "fields": {"title": "Internship"}}, {"model": "core.category", "pk": 3, "fields": {"title": "Business Task"}}, {"model": "core.question", "pk": 1, "fields": {"title": "Dart Loops", "description": "Dart Loops", "correct_answer": "dartma", "image": "", "video": "", "edu_url": "False", "is_auto": true, "is_success": true, "subject": 1}}, {"model": "core.question", "pk": 2, "fields": {"title": "Dart oops", "description": "Dart oops", "correct_answer": null, "image": "images/a1ba59be-14e6-4244-ac02-4afdc11e3ecf.jpg", "video": "videos/5eaadc50-9ec3-4e5c-9f6a-cf51f32ba522.mp4", "edu_url": "False", "is_auto": false, "is_success": false, "subject": 1}}, {"model": "core.question", "pk": 3, "fields": {"title": "ge", "description": "ge", "correct_answer": "ge", "image": "", "video": "", "edu_url": "False", "is_auto": true, "is_success": false, "subject": 1}}, {"model": "core.question", "pk": 4, "fields": {"title": "California", "description": "It has survived not only five centuries, but also the leap into electronic typesetting, remaining essentially unchanged?", "correct_answer": "Surprise", "image": "", "video": "", "edu_url": "False", "is_auto": true, "is_success": false, "subject": 2}}, {"model": "core.question", "pk": 5, "fields": {"title": "Monterey", "description": "It is a long established fact that a reader will be distracted by the readable content of a page when looking at its layout. The point of using Lorem Ipsum is that it has a more-or-less normal distribution of letters, as opposed to using", "correct_answer": null, "image": "images/0bdd42f2-de99-4a44-9f25-7896fea66347.jpg", "video": "videos/e6447b77-2043-44a0-a941-704d2d8f1c70.mp4", "edu_url": "False", "is_auto": false, "is_success": false, "subject": 2}}, {"model": "core.question", "pk": 6, "fields": {"title": "Colorado", "description": "'Content here, content here', making it look like readable English. Many desktop publishing packages and web page editors now?", "correct_answer": "Surprise", "image": "", "video": "", "edu_url": "False", "is_auto": true, "is_success": false, "subject": 2}}, {"model": "core.question", "pk": 7, "fields": {"title": "a", "description": "a", "correct_answer": "a", "image": "", "video": "", "edu_url": "False", "is_auto": true, "is_success": false, "subject": 3}}, {"model": "core.useranswer", "pk": 1, "fields": {"feedback": "", "answer": "dartma", "image": "", "video": "", "question": 1, "user": ["murad"]}}, {"model": "core.useranswer", "pk": 2, "fields": {"feedback": "", "answer": "yea", "image": "", "video": "videos/074845ea-bab8-41eb-a5b9-f083224bc980.mp4", "question": 2, "user": ["murad"]}}, {"model": "core.useranswer", "pk": 3, "fields": {"feedback": "", "answer": "gelme", "image": "", "video": "", "question": 3, "user": ["murad"]}}, {"model": "core.useranswer", "pk": 4, "fields": {"feedback": "", "answer": "dartma", "image": "", "video": "", "question": 1, "user": ["murad"]}}, {"model": "core.order", "pk": 1, "fields": {"user": ["murad"], "course": 1, "created_at": "2021-06-08T11:29:10.731Z", "updated_at": "2021-06-08T11:29:10.734Z"}}, {"model": "core.order", "pk": 2, "fields": {"user": ["murad"], "course": 2, "created_at": "2021-06-08T11:33:07.490Z", "updated_at": "2021-06-08T11:33:07.493Z"}}, {"model": "core.order", "pk": 3, "fields": {"user": ["muradaghazada"], "course": 16, "created_at": "2021-06-08T17:02:32.995Z", "updated_at": "2021-06-08T17:02:32.999Z"}}, {"model": "core.order", "pk": 4, "fields": {"user": ["muradaghazada"], "course": 17, "created_at": "2021-06-10T11:12:26.223Z", "updated_at": "2021-06-10T11:12:26.227Z"}}, {"model": "core.option", "pk": 1, "fields": {"content": "dart", "question": 1, "created_at": "2021-06-08T11:31:56.246Z", "updated_at": "2021-06-08T11:31:56.249Z"}}, {"model": "core.option", "pk": 2, "fields": {"content": "dartma", "question": 1, "created_at": "2021-06-08T11:31:56.249Z", "updated_at": "2021-06-08T11:31:56.252Z"}}, {"model": "core.option", "pk": 3, "fields": {"content": "berk dart", "question": 1, "created_at": "2021-06-08T11:31:56.253Z", "updated_at": "2021-06-08T11:31:56.258Z"}}, {"model": "core.option", "pk": 4, "fields": {"content": "dart", "question": 3, "created_at": "2021-06-08T11:33:00.935Z", "updated_at": "2021-06-08T11:33:00.938Z"}}, {"model": "core.option", "pk": 5, "fields": {"content": "ge", "question": 3, "created_at": "2021-06-08T11:33:00.940Z", "updated_at": "2021-06-08T11:33:00.944Z"}}, {"model": "core.option", "pk": 6, "fields": {"content": "berk dart", "question": 3, "created_at": "2021-06-08T11:33:00.941Z", "updated_at": "2021-06-08T11:33:00.945Z"}}, {"model": "core.option", "pk": 7, "fields": {"content": "gelme", "question": 3, "created_at": "2021-06-08T11:33:00.943Z", "updated_at": "2021-06-08T11:33:00.946Z"}}, {"model": "core.option", "pk": 8, "fields": {"content": "Post", "question": 4, "created_at": "2021-06-08T12:58:33.121Z", "updated_at": "2021-06-08T12:58:33.127Z"}}, {"model": "core.option", "pk": 9, "fields": {"content": "Surprise", "question": 4, "created_at": "2021-06-08T12:58:33.125Z", "updated_at": "2021-06-08T12:58:33.128Z"}}, {"model": "core.option", "pk": 10, "fields": {"content": "Cali", "question": 4, "created_at": "2021-06-08T12:58:33.126Z", "updated_at": "2021-06-08T12:58:33.129Z"}}, {"model": "core.option", "pk": 11, "fields": {"content": "Post", "question": 6, "created_at": "2021-06-08T12:59:38.625Z", "updated_at": "2021-06-08T12:59:38.629Z"}}, {"model": "core.option", "pk": 12, "fields": {"content": "Surprise", "question": 6, "created_at": "2021-06-08T12:59:38.628Z", "updated_at": "2021-06-08T12:59:38.630Z"}}, {"model": "core.option", "pk": 13, "fields": {"content": "Cali", "question": 6, "created_at": "2021-06-08T12:59:38.632Z", "updated_at": "2021-06-08T12:59:38.636Z"}}, {"model": "core.option", "pk": 14, "fields": {"content": "a", "question": 7, "created_at": "2021-06-10T11:12:17.765Z", "updated_at": "2021-06-10T11:12:17.772Z"}}, {"model": "core.option", "pk": 15, "fields": {"content": "v", "question": 7, "created_at": "2021-06-10T11:12:17.766Z", "updated_at": "2021-06-10T11:12:17.771Z"}}, {"model": "core.option", "pk": 16, "fields": {"content": "v", "question": 7, "created_at": "2021-06-10T11:12:17.769Z", "updated_at": "2021-06-10T11:12:17.772Z"}}, {"model": "core.subject", "pk": 1, "fields": {"title": "Tirex", "deadline": 12, "course": 2, "created_at": "2021-06-08T11:30:52.206Z", "updated_at": "2021-06-08T11:30:52.206Z"}}, {"model": "core.subject", "pk": 2, "fields": {"title": "Coding", "deadline": 6, "course": 3, "created_at": "2021-06-08T12:57:42.364Z", "updated_at": "2021-06-08T12:57:42.364Z"}}, {"model": "core.subject", "pk": 3, "fields": {"title": "s", "deadline": 12, "course": 17, "created_at": "2021-06-10T11:12:04.920Z", "updated_at": "2021-06-10T11:12:04.920Z"}}]